{"npro.poolv1.near":[{"timestamp":1767092907313,"delegators":10612,"staked":2174574.7103373352},{"timestamp":1769019923479,"delegators":10304,"staked":3195781.0170976757},{"timestamp":1769513489026,"delegators":10259,"staked":3413199.662599046},{"timestamp":1769599996167,"delegators":10259,"staked":3413199.662599046}]}