{"npro.poolv1.near":[{"timestamp":1767093234764,"delegators":10613,"staked":2174969.8716197354},{"timestamp":1768995415228,"delegators":10259,"staked":3413199.662599046},{"timestamp":1769513814390,"delegators":10259,"staked":3413199.662599046},{"timestamp":1769600298447,"delegators":10259,"staked":3413199.662599046}]}